{
    "800x480": {
        "scale_factor": 0.07360406214257091,
        "img_offset": [
            0,
            0
        ]
    },
    "1920x1080": {
        "scale_factor": 0.16356332581405078,
        "img_offset": [
            0,
            0
        ]
    }
}