{
    "800x480": {
        "scale_factor": 0.07360406214257091,
        "img_offset": [
            0.8303272712899457,
            9.904128065939915
        ]
    }
}